{"cameraMode":{"drawMode":0,"name":"Shaded","section":"Shading Mode"},"sceneLighting":true,"audioPlay":false,"sceneViewState":{"showFog":true,"showMaterialUpdate":false,"showSkybox":true,"showFlares":true,"showImageEffects":true,"showParticleSystems":true,"showVisualEffectGraphs":true,"m_FxEnabled":false},"in2DMode":false,"pivot":{"x":10.694450378417969,"y":13.781736373901368,"z":22.153736114501954},"rotation":{"x":0.061194807291030887,"y":-0.06125032529234886,"z":-0.0037623567041009666,"w":-0.9962376952171326},"size":26.123844146728517,"orthographic":false}